rowNum,listing_title,listing_distance_miles,listing_url,price,listingPriceRedu,Body Style,Drive Type,Engine,Mileage,Transmission,ATC Car ID,Fuel,Stock #,VIN,carFeaturesText,exterior,interior,sellerComment,Basic Warranty,Corrosion Warranty,Drivetrain Warranty,Roadside Assistance Warranty,newListingIndicator,Dealer,model,year,ownershipStatus,Location,sellerType,CityMpg,HyMpg
1,Used 2012 Jeep Wrangler Unlimited Rubicon,9,/cars-for-sale/vehicledetails.xhtml?listingId=483594035&zip=84604&referrer=%2Fcars-for-sale%2Fsearchresults.xhtml%3Fzip%3D84604%26sellerTypes%3Dp%26startYear%3D1981%26numRecords%3D100%26sortBy%3Drelevance%26incremental%3Dall%26firstRecord%3D0%26endYear%3D2019%26modelCodeList%3DWRANGLER%26makeCodeList%3DJEEP%26searchRadius%3D0&sellerTypes=p&startYear=1981&numRecords=100&firstRecord=0&endYear=2019&modelCodeList=WRANGLER&makeCodeList=JEEP&searchRadius=0&makeCode1=JEEP&modelCode1=WRANGLER,NA,NA,NA,NA,NA,NA,NA,NA,NA,NA,NA,NA,NA,NA,NA,NA,NA,NA,NA,NA,NA,NA,2012,Used,Provo,NA,NA,NA
2,Used 2015 Jeep Wrangler Willys Wheeler,12,/cars-for-sale/vehicledetails.xhtml?listingId=478483503&zip=84604&referrer=%2Fcars-for-sale%2Fsearchresults.xhtml%3Fzip%3D84604%26sellerTypes%3Dp%26startYear%3D1981%26numRecords%3D100%26sortBy%3Drelevance%26incremental%3Dall%26firstRecord%3D0%26endYear%3D2019%26modelCodeList%3DWRANGLER%26makeCodeList%3DJEEP%26searchRadius%3D0&sellerTypes=p&startYear=1981&numRecords=100&firstRecord=0&endYear=2019&modelCodeList=WRANGLER&makeCodeList=JEEP&searchRadius=0&makeCode1=JEEP&modelCode1=WRANGLER,NA,NA,NA,NA,NA,NA,NA,NA,NA,NA,NA,NA,NA,NA,NA,NA,NA,NA,NA,NA,NA,NA,2015,Used,Provo,NA,NA,NA
3,Used 2008 Jeep Wrangler Rubicon,15,/cars-for-sale/vehicledetails.xhtml?listingId=483480682&zip=84604&referrer=%2Fcars-for-sale%2Fsearchresults.xhtml%3Fzip%3D84604%26sellerTypes%3Dp%26startYear%3D1981%26numRecords%3D100%26sortBy%3Drelevance%26incremental%3Dall%26firstRecord%3D0%26endYear%3D2019%26modelCodeList%3DWRANGLER%26makeCodeList%3DJEEP%26searchRadius%3D0&sellerTypes=p&startYear=1981&numRecords=100&firstRecord=0&endYear=2019&modelCodeList=WRANGLER&makeCodeList=JEEP&searchRadius=0&makeCode1=JEEP&modelCode1=WRANGLER,NA,NA,NA,NA,NA,NA,NA,NA,NA,NA,NA,NA,NA,NA,NA,NA,NA,NA,NA,NA,NA,NA,2008,Used,Provo,NA,NA,NA
4,Used 2016 Jeep Wrangler Unlimited Rubicon,15,/cars-for-sale/vehicledetails.xhtml?listingId=450960587&zip=84604&referrer=%2Fcars-for-sale%2Fsearchresults.xhtml%3Fzip%3D84604%26sellerTypes%3Dp%26startYear%3D1981%26numRecords%3D100%26sortBy%3Drelevance%26incremental%3Dall%26firstRecord%3D0%26endYear%3D2019%26modelCodeList%3DWRANGLER%26makeCodeList%3DJEEP%26searchRadius%3D0&sellerTypes=p&startYear=1981&numRecords=100&firstRecord=0&endYear=2019&modelCodeList=WRANGLER&makeCodeList=JEEP&searchRadius=0&makeCode1=JEEP&modelCode1=WRANGLER,NA,NA,NA,NA,NA,NA,NA,NA,NA,NA,NA,NA,NA,NA,NA,NA,NA,NA,NA,NA,NA,NA,2016,Used,Provo,NA,NA,NA
5,Used 2014 Jeep Wrangler Unlimited Rubicon,20,/cars-for-sale/vehicledetails.xhtml?listingId=465059330&zip=84604&referrer=%2Fcars-for-sale%2Fsearchresults.xhtml%3Fzip%3D84604%26sellerTypes%3Dp%26startYear%3D1981%26numRecords%3D100%26sortBy%3Drelevance%26incremental%3Dall%26firstRecord%3D0%26endYear%3D2019%26modelCodeList%3DWRANGLER%26makeCodeList%3DJEEP%26searchRadius%3D0&sellerTypes=p&startYear=1981&numRecords=100&firstRecord=0&endYear=2019&modelCodeList=WRANGLER&makeCodeList=JEEP&searchRadius=0&makeCode1=JEEP&modelCode1=WRANGLER,NA,NA,NA,NA,NA,NA,NA,NA,NA,NA,NA,NA,NA,NA,NA,NA,NA,NA,NA,NA,NA,NA,2014,Used,Provo,NA,NA,NA
6,Used 2006 Jeep Wrangler,31,/cars-for-sale/vehicledetails.xhtml?listingId=471074513&zip=84604&referrer=%2Fcars-for-sale%2Fsearchresults.xhtml%3Fzip%3D84604%26sellerTypes%3Dp%26startYear%3D1981%26numRecords%3D100%26sortBy%3Drelevance%26incremental%3Dall%26firstRecord%3D0%26endYear%3D2019%26modelCodeList%3DWRANGLER%26makeCodeList%3DJEEP%26searchRadius%3D0&sellerTypes=p&startYear=1981&numRecords=100&firstRecord=0&endYear=2019&modelCodeList=WRANGLER&makeCodeList=JEEP&searchRadius=0&makeCode1=JEEP&modelCode1=WRANGLER,NA,NA,NA,NA,NA,NA,NA,NA,NA,NA,NA,NA,NA,NA,NA,NA,NA,NA,NA,NA,NA,NA,2006,Used,Provo,NA,NA,NA
7,Used 2014 Jeep Wrangler Unlimited Rubicon,33,/cars-for-sale/vehicledetails.xhtml?listingId=483182027&zip=84604&referrer=%2Fcars-for-sale%2Fsearchresults.xhtml%3Fzip%3D84604%26sellerTypes%3Dp%26startYear%3D1981%26numRecords%3D100%26sortBy%3Drelevance%26incremental%3Dall%26firstRecord%3D0%26endYear%3D2019%26modelCodeList%3DWRANGLER%26makeCodeList%3DJEEP%26searchRadius%3D0&sellerTypes=p&startYear=1981&numRecords=100&firstRecord=0&endYear=2019&modelCodeList=WRANGLER&makeCodeList=JEEP&searchRadius=0&makeCode1=JEEP&modelCode1=WRANGLER,NA,NA,NA,NA,NA,NA,NA,NA,NA,NA,NA,NA,NA,NA,NA,NA,NA,NA,NA,NA,NA,NA,2014,Used,Provo,NA,NA,NA
8,Used 2012 Jeep Wrangler Rubicon,211,/cars-for-sale/vehicledetails.xhtml?listingId=466030198&zip=84604&referrer=%2Fcars-for-sale%2Fsearchresults.xhtml%3Fzip%3D84604%26sellerTypes%3Dp%26startYear%3D1981%26numRecords%3D100%26sortBy%3Drelevance%26incremental%3Dall%26firstRecord%3D0%26endYear%3D2019%26modelCodeList%3DWRANGLER%26makeCodeList%3DJEEP%26searchRadius%3D0&sellerTypes=p&startYear=1981&numRecords=100&firstRecord=0&endYear=2019&modelCodeList=WRANGLER&makeCodeList=JEEP&searchRadius=0&makeCode1=JEEP&modelCode1=WRANGLER,NA,NA,NA,NA,NA,NA,NA,NA,NA,NA,NA,NA,NA,NA,NA,NA,NA,NA,NA,NA,NA,NA,2012,Used,Provo,NA,NA,NA
9,Used 2014 Jeep Wrangler Unlimited Rubicon,327,/cars-for-sale/vehicledetails.xhtml?listingId=480987362&zip=84604&referrer=%2Fcars-for-sale%2Fsearchresults.xhtml%3Fzip%3D84604%26sellerTypes%3Dp%26startYear%3D1981%26numRecords%3D100%26sortBy%3Drelevance%26incremental%3Dall%26firstRecord%3D0%26endYear%3D2019%26modelCodeList%3DWRANGLER%26makeCodeList%3DJEEP%26searchRadius%3D0&sellerTypes=p&startYear=1981&numRecords=100&firstRecord=0&endYear=2019&modelCodeList=WRANGLER&makeCodeList=JEEP&searchRadius=0&makeCode1=JEEP&modelCode1=WRANGLER,NA,NA,NA,NA,NA,NA,NA,NA,NA,NA,NA,NA,NA,NA,NA,NA,NA,NA,NA,NA,NA,NA,2014,Used,Provo,NA,NA,NA
10,Used 2012 Jeep Wrangler,336,/cars-for-sale/vehicledetails.xhtml?listingId=471079924&zip=84604&referrer=%2Fcars-for-sale%2Fsearchresults.xhtml%3Fzip%3D84604%26sellerTypes%3Dp%26startYear%3D1981%26numRecords%3D100%26sortBy%3Drelevance%26incremental%3Dall%26firstRecord%3D0%26endYear%3D2019%26modelCodeList%3DWRANGLER%26makeCodeList%3DJEEP%26searchRadius%3D0&sellerTypes=p&startYear=1981&numRecords=100&firstRecord=0&endYear=2019&modelCodeList=WRANGLER&makeCodeList=JEEP&searchRadius=0&makeCode1=JEEP&modelCode1=WRANGLER,NA,NA,NA,NA,NA,NA,NA,NA,NA,NA,NA,NA,NA,NA,NA,NA,NA,NA,NA,NA,NA,NA,2012,Used,Provo,NA,NA,NA
11,Used 2016 Jeep Wrangler Unlimited,337,/cars-for-sale/vehicledetails.xhtml?listingId=465557483&zip=84604&referrer=%2Fcars-for-sale%2Fsearchresults.xhtml%3Fzip%3D84604%26sellerTypes%3Dp%26startYear%3D1981%26numRecords%3D100%26sortBy%3Drelevance%26incremental%3Dall%26firstRecord%3D0%26endYear%3D2019%26modelCodeList%3DWRANGLER%26makeCodeList%3DJEEP%26searchRadius%3D0&sellerTypes=p&startYear=1981&numRecords=100&firstRecord=0&endYear=2019&modelCodeList=WRANGLER&makeCodeList=JEEP&searchRadius=0&makeCode1=JEEP&modelCode1=WRANGLER,NA,NA,NA,NA,NA,NA,NA,NA,NA,NA,NA,NA,NA,NA,NA,NA,NA,NA,NA,NA,NA,NA,2016,Used,Provo,NA,NA,NA
12,Used 2016 Jeep Wrangler Sport,341,/cars-for-sale/vehicledetails.xhtml?listingId=471747498&zip=84604&referrer=%2Fcars-for-sale%2Fsearchresults.xhtml%3Fzip%3D84604%26sellerTypes%3Dp%26startYear%3D1981%26numRecords%3D100%26sortBy%3Drelevance%26incremental%3Dall%26firstRecord%3D0%26endYear%3D2019%26modelCodeList%3DWRANGLER%26makeCodeList%3DJEEP%26searchRadius%3D0&sellerTypes=p&startYear=1981&numRecords=100&firstRecord=0&endYear=2019&modelCodeList=WRANGLER&makeCodeList=JEEP&searchRadius=0&makeCode1=JEEP&modelCode1=WRANGLER,NA,NA,NA,NA,NA,NA,NA,NA,NA,NA,NA,NA,NA,NA,NA,NA,NA,NA,NA,NA,NA,NA,2016,Used,Provo,NA,NA,NA
13,Used 2011 Jeep Wrangler Unlimited Rubicon,341,/cars-for-sale/vehicledetails.xhtml?listingId=476326129&zip=84604&referrer=%2Fcars-for-sale%2Fsearchresults.xhtml%3Fzip%3D84604%26sellerTypes%3Dp%26startYear%3D1981%26numRecords%3D100%26sortBy%3Drelevance%26incremental%3Dall%26firstRecord%3D0%26endYear%3D2019%26modelCodeList%3DWRANGLER%26makeCodeList%3DJEEP%26searchRadius%3D0&sellerTypes=p&startYear=1981&numRecords=100&firstRecord=0&endYear=2019&modelCodeList=WRANGLER&makeCodeList=JEEP&searchRadius=0&makeCode1=JEEP&modelCode1=WRANGLER,NA,NA,NA,NA,NA,NA,NA,NA,NA,NA,NA,NA,NA,NA,NA,NA,NA,NA,NA,NA,NA,NA,2011,Used,Provo,NA,NA,NA
14,Used 2015 Jeep Wrangler Unlimited Rubicon,345,/cars-for-sale/vehicledetails.xhtml?listingId=474863763&zip=84604&referrer=%2Fcars-for-sale%2Fsearchresults.xhtml%3Fzip%3D84604%26sellerTypes%3Dp%26startYear%3D1981%26numRecords%3D100%26sortBy%3Drelevance%26incremental%3Dall%26firstRecord%3D0%26endYear%3D2019%26modelCodeList%3DWRANGLER%26makeCodeList%3DJEEP%26searchRadius%3D0&sellerTypes=p&startYear=1981&numRecords=100&firstRecord=0&endYear=2019&modelCodeList=WRANGLER&makeCodeList=JEEP&searchRadius=0&makeCode1=JEEP&modelCode1=WRANGLER,NA,NA,NA,NA,NA,NA,NA,NA,NA,NA,NA,NA,NA,NA,NA,NA,NA,NA,NA,NA,NA,NA,2015,Used,Provo,NA,NA,NA
15,Used 2007 Jeep Wrangler Unlimited,346,/cars-for-sale/vehicledetails.xhtml?listingId=463761177&zip=84604&referrer=%2Fcars-for-sale%2Fsearchresults.xhtml%3Fzip%3D84604%26sellerTypes%3Dp%26startYear%3D1981%26numRecords%3D100%26sortBy%3Drelevance%26incremental%3Dall%26firstRecord%3D0%26endYear%3D2019%26modelCodeList%3DWRANGLER%26makeCodeList%3DJEEP%26searchRadius%3D0&sellerTypes=p&startYear=1981&numRecords=100&firstRecord=0&endYear=2019&modelCodeList=WRANGLER&makeCodeList=JEEP&searchRadius=0&makeCode1=JEEP&modelCode1=WRANGLER,NA,NA,NA,NA,NA,NA,NA,NA,NA,NA,NA,NA,NA,NA,NA,NA,NA,NA,NA,NA,NA,NA,2007,Used,Provo,NA,NA,NA
16,Used 2013 Jeep Wrangler,347,/cars-for-sale/vehicledetails.xhtml?listingId=472859668&zip=84604&referrer=%2Fcars-for-sale%2Fsearchresults.xhtml%3Fzip%3D84604%26sellerTypes%3Dp%26startYear%3D1981%26numRecords%3D100%26sortBy%3Drelevance%26incremental%3Dall%26firstRecord%3D0%26endYear%3D2019%26modelCodeList%3DWRANGLER%26makeCodeList%3DJEEP%26searchRadius%3D0&sellerTypes=p&startYear=1981&numRecords=100&firstRecord=0&endYear=2019&modelCodeList=WRANGLER&makeCodeList=JEEP&searchRadius=0&makeCode1=JEEP&modelCode1=WRANGLER,NA,NA,NA,NA,NA,NA,NA,NA,NA,NA,NA,NA,NA,NA,NA,NA,NA,NA,NA,NA,NA,NA,2013,Used,Provo,NA,NA,NA
17,Used 2016 Jeep Wrangler Unlimited 75th Anniversary,347,/cars-for-sale/vehicledetails.xhtml?listingId=480097419&zip=84604&referrer=%2Fcars-for-sale%2Fsearchresults.xhtml%3Fzip%3D84604%26sellerTypes%3Dp%26startYear%3D1981%26numRecords%3D100%26sortBy%3Drelevance%26incremental%3Dall%26firstRecord%3D0%26endYear%3D2019%26modelCodeList%3DWRANGLER%26makeCodeList%3DJEEP%26searchRadius%3D0&sellerTypes=p&startYear=1981&numRecords=100&firstRecord=0&endYear=2019&modelCodeList=WRANGLER&makeCodeList=JEEP&searchRadius=0&makeCode1=JEEP&modelCode1=WRANGLER,NA,NA,NA,NA,NA,NA,NA,NA,NA,NA,NA,NA,NA,NA,NA,NA,NA,NA,NA,NA,NA,NA,2016,Used,Provo,NA,NA,NA
18,Used 2013 Jeep Wrangler Unlimited Sport S,348,/cars-for-sale/vehicledetails.xhtml?listingId=476611648&zip=84604&referrer=%2Fcars-for-sale%2Fsearchresults.xhtml%3Fzip%3D84604%26sellerTypes%3Dp%26startYear%3D1981%26numRecords%3D100%26sortBy%3Drelevance%26incremental%3Dall%26firstRecord%3D0%26endYear%3D2019%26modelCodeList%3DWRANGLER%26makeCodeList%3DJEEP%26searchRadius%3D0&sellerTypes=p&startYear=1981&numRecords=100&firstRecord=0&endYear=2019&modelCodeList=WRANGLER&makeCodeList=JEEP&searchRadius=0&makeCode1=JEEP&modelCode1=WRANGLER,NA,NA,NA,NA,NA,NA,NA,NA,NA,NA,NA,NA,NA,NA,NA,NA,NA,NA,NA,NA,NA,NA,2013,Used,Provo,NA,NA,NA
19,Used 2013 Jeep Wrangler Unlimited Rubicon,348,/cars-for-sale/vehicledetails.xhtml?listingId=467966996&zip=84604&referrer=%2Fcars-for-sale%2Fsearchresults.xhtml%3Fzip%3D84604%26sellerTypes%3Dp%26startYear%3D1981%26numRecords%3D100%26sortBy%3Drelevance%26incremental%3Dall%26firstRecord%3D0%26endYear%3D2019%26modelCodeList%3DWRANGLER%26makeCodeList%3DJEEP%26searchRadius%3D0&sellerTypes=p&startYear=1981&numRecords=100&firstRecord=0&endYear=2019&modelCodeList=WRANGLER&makeCodeList=JEEP&searchRadius=0&makeCode1=JEEP&modelCode1=WRANGLER,NA,NA,NA,NA,NA,NA,NA,NA,NA,NA,NA,NA,NA,NA,NA,NA,NA,NA,NA,NA,NA,NA,2013,Used,Provo,NA,NA,NA
20,Used 2014 Jeep Wrangler Unlimited Rubicon,350,/cars-for-sale/vehicledetails.xhtml?listingId=468389912&zip=84604&referrer=%2Fcars-for-sale%2Fsearchresults.xhtml%3Fzip%3D84604%26sellerTypes%3Dp%26startYear%3D1981%26numRecords%3D100%26sortBy%3Drelevance%26incremental%3Dall%26firstRecord%3D0%26endYear%3D2019%26modelCodeList%3DWRANGLER%26makeCodeList%3DJEEP%26searchRadius%3D0&sellerTypes=p&startYear=1981&numRecords=100&firstRecord=0&endYear=2019&modelCodeList=WRANGLER&makeCodeList=JEEP&searchRadius=0&makeCode1=JEEP&modelCode1=WRANGLER,NA,NA,NA,NA,NA,NA,NA,NA,NA,NA,NA,NA,NA,NA,NA,NA,NA,NA,NA,NA,NA,NA,2014,Used,Provo,NA,NA,NA
21,Used 2011 Jeep Wrangler Unlimited Sport,350,/cars-for-sale/vehicledetails.xhtml?listingId=475839627&zip=84604&referrer=%2Fcars-for-sale%2Fsearchresults.xhtml%3Fzip%3D84604%26sellerTypes%3Dp%26startYear%3D1981%26numRecords%3D100%26sortBy%3Drelevance%26incremental%3Dall%26firstRecord%3D0%26endYear%3D2019%26modelCodeList%3DWRANGLER%26makeCodeList%3DJEEP%26searchRadius%3D0&sellerTypes=p&startYear=1981&numRecords=100&firstRecord=0&endYear=2019&modelCodeList=WRANGLER&makeCodeList=JEEP&searchRadius=0&makeCode1=JEEP&modelCode1=WRANGLER,NA,NA,NA,NA,NA,NA,NA,NA,NA,NA,NA,NA,NA,NA,NA,NA,NA,NA,NA,NA,NA,NA,2011,Used,Provo,NA,NA,NA
22,Used 2017 Jeep Wrangler Unlimited Sahara,350,/cars-for-sale/vehicledetails.xhtml?listingId=483832856&zip=84604&referrer=%2Fcars-for-sale%2Fsearchresults.xhtml%3Fzip%3D84604%26sellerTypes%3Dp%26startYear%3D1981%26numRecords%3D100%26sortBy%3Drelevance%26incremental%3Dall%26firstRecord%3D0%26endYear%3D2019%26modelCodeList%3DWRANGLER%26makeCodeList%3DJEEP%26searchRadius%3D0&sellerTypes=p&startYear=1981&numRecords=100&firstRecord=0&endYear=2019&modelCodeList=WRANGLER&makeCodeList=JEEP&searchRadius=0&makeCode1=JEEP&modelCode1=WRANGLER,NA,NA,NA,NA,NA,NA,NA,NA,NA,NA,NA,NA,NA,NA,NA,NA,NA,NA,NA,NA,NA,NA,2017,Used,Provo,NA,NA,NA
23,Used 2008 Jeep Wrangler Sahara,352,/cars-for-sale/vehicledetails.xhtml?listingId=474337137&zip=84604&referrer=%2Fcars-for-sale%2Fsearchresults.xhtml%3Fzip%3D84604%26sellerTypes%3Dp%26startYear%3D1981%26numRecords%3D100%26sortBy%3Drelevance%26incremental%3Dall%26firstRecord%3D0%26endYear%3D2019%26modelCodeList%3DWRANGLER%26makeCodeList%3DJEEP%26searchRadius%3D0&sellerTypes=p&startYear=1981&numRecords=100&firstRecord=0&endYear=2019&modelCodeList=WRANGLER&makeCodeList=JEEP&searchRadius=0&makeCode1=JEEP&modelCode1=WRANGLER,NA,NA,NA,NA,NA,NA,NA,NA,NA,NA,NA,NA,NA,NA,NA,NA,NA,NA,NA,NA,NA,NA,2008,Used,Provo,NA,NA,NA
24,Used 2002 Jeep Wrangler Sahara,353,/cars-for-sale/vehicledetails.xhtml?listingId=443134615&zip=84604&referrer=%2Fcars-for-sale%2Fsearchresults.xhtml%3Fzip%3D84604%26sellerTypes%3Dp%26startYear%3D1981%26numRecords%3D100%26sortBy%3Drelevance%26incremental%3Dall%26firstRecord%3D0%26endYear%3D2019%26modelCodeList%3DWRANGLER%26makeCodeList%3DJEEP%26searchRadius%3D0&sellerTypes=p&startYear=1981&numRecords=100&firstRecord=0&endYear=2019&modelCodeList=WRANGLER&makeCodeList=JEEP&searchRadius=0&makeCode1=JEEP&modelCode1=WRANGLER,NA,NA,NA,NA,NA,NA,NA,NA,NA,NA,NA,NA,NA,NA,NA,NA,NA,NA,NA,NA,NA,NA,2002,Used,Provo,NA,NA,NA
25,Used 2016 Jeep Wrangler Unlimited Rubicon,353,/cars-for-sale/vehicledetails.xhtml?listingId=475915032&zip=84604&referrer=%2Fcars-for-sale%2Fsearchresults.xhtml%3Fzip%3D84604%26sellerTypes%3Dp%26startYear%3D1981%26numRecords%3D100%26sortBy%3Drelevance%26incremental%3Dall%26firstRecord%3D0%26endYear%3D2019%26modelCodeList%3DWRANGLER%26makeCodeList%3DJEEP%26searchRadius%3D0&sellerTypes=p&startYear=1981&numRecords=100&firstRecord=0&endYear=2019&modelCodeList=WRANGLER&makeCodeList=JEEP&searchRadius=0&makeCode1=JEEP&modelCode1=WRANGLER,NA,NA,NA,NA,NA,NA,NA,NA,NA,NA,NA,NA,NA,NA,NA,NA,NA,NA,NA,NA,NA,NA,2016,Used,Provo,NA,NA,NA
26,Used 2007 Jeep Wrangler Unlimited Sahara,353,/cars-for-sale/vehicledetails.xhtml?listingId=456345886&zip=84604&referrer=%2Fcars-for-sale%2Fsearchresults.xhtml%3Fzip%3D84604%26sellerTypes%3Dp%26startYear%3D1981%26numRecords%3D100%26sortBy%3Drelevance%26incremental%3Dall%26firstRecord%3D0%26endYear%3D2019%26modelCodeList%3DWRANGLER%26makeCodeList%3DJEEP%26searchRadius%3D0&sellerTypes=p&startYear=1981&numRecords=100&firstRecord=0&endYear=2019&modelCodeList=WRANGLER&makeCodeList=JEEP&searchRadius=0&makeCode1=JEEP&modelCode1=WRANGLER,NA,NA,NA,NA,NA,NA,NA,NA,NA,NA,NA,NA,NA,NA,NA,NA,NA,NA,NA,NA,NA,NA,2007,Used,Provo,NA,NA,NA
27,Used 2012 Jeep Wrangler Sport,353,/cars-for-sale/vehicledetails.xhtml?listingId=484765139&zip=84604&referrer=%2Fcars-for-sale%2Fsearchresults.xhtml%3Fzip%3D84604%26sellerTypes%3Dp%26startYear%3D1981%26numRecords%3D100%26sortBy%3Drelevance%26incremental%3Dall%26firstRecord%3D0%26endYear%3D2019%26modelCodeList%3DWRANGLER%26makeCodeList%3DJEEP%26searchRadius%3D0&sellerTypes=p&startYear=1981&numRecords=100&firstRecord=0&endYear=2019&modelCodeList=WRANGLER&makeCodeList=JEEP&searchRadius=0&makeCode1=JEEP&modelCode1=WRANGLER,NA,NA,NA,NA,NA,NA,NA,NA,NA,NA,NA,NA,NA,NA,NA,NA,NA,NA,NA,NA,NA,NA,2012,Used,Provo,NA,NA,NA
28,Used 2015 Jeep Wrangler Unlimited Altitude,355,/cars-for-sale/vehicledetails.xhtml?listingId=481785661&zip=84604&referrer=%2Fcars-for-sale%2Fsearchresults.xhtml%3Fzip%3D84604%26sellerTypes%3Dp%26startYear%3D1981%26numRecords%3D100%26sortBy%3Drelevance%26incremental%3Dall%26firstRecord%3D0%26endYear%3D2019%26modelCodeList%3DWRANGLER%26makeCodeList%3DJEEP%26searchRadius%3D0&sellerTypes=p&startYear=1981&numRecords=100&firstRecord=0&endYear=2019&modelCodeList=WRANGLER&makeCodeList=JEEP&searchRadius=0&makeCode1=JEEP&modelCode1=WRANGLER,NA,NA,NA,NA,NA,NA,NA,NA,NA,NA,NA,NA,NA,NA,NA,NA,NA,NA,NA,NA,NA,NA,2015,Used,Provo,NA,NA,NA
29,Used 2007 Jeep Wrangler X,355,/cars-for-sale/vehicledetails.xhtml?listingId=482459302&zip=84604&referrer=%2Fcars-for-sale%2Fsearchresults.xhtml%3Fzip%3D84604%26sellerTypes%3Dp%26startYear%3D1981%26numRecords%3D100%26sortBy%3Drelevance%26incremental%3Dall%26firstRecord%3D0%26endYear%3D2019%26modelCodeList%3DWRANGLER%26makeCodeList%3DJEEP%26searchRadius%3D0&sellerTypes=p&startYear=1981&numRecords=100&firstRecord=0&endYear=2019&modelCodeList=WRANGLER&makeCodeList=JEEP&searchRadius=0&makeCode1=JEEP&modelCode1=WRANGLER,NA,NA,NA,NA,NA,NA,NA,NA,NA,NA,NA,NA,NA,NA,NA,NA,NA,NA,NA,NA,NA,NA,2007,Used,Provo,NA,NA,NA
30,Used 2015 Jeep Wrangler Rubicon,356,/cars-for-sale/vehicledetails.xhtml?listingId=475974657&zip=84604&referrer=%2Fcars-for-sale%2Fsearchresults.xhtml%3Fzip%3D84604%26sellerTypes%3Dp%26startYear%3D1981%26numRecords%3D100%26sortBy%3Drelevance%26incremental%3Dall%26firstRecord%3D0%26endYear%3D2019%26modelCodeList%3DWRANGLER%26makeCodeList%3DJEEP%26searchRadius%3D0&sellerTypes=p&startYear=1981&numRecords=100&firstRecord=0&endYear=2019&modelCodeList=WRANGLER&makeCodeList=JEEP&searchRadius=0&makeCode1=JEEP&modelCode1=WRANGLER,NA,NA,NA,NA,NA,NA,NA,NA,NA,NA,NA,NA,NA,NA,NA,NA,NA,NA,NA,NA,NA,NA,2015,Used,Provo,NA,NA,NA
31,Used 2010 Jeep Wrangler Unlimited Rubicon,356,/cars-for-sale/vehicledetails.xhtml?listingId=478196428&zip=84604&referrer=%2Fcars-for-sale%2Fsearchresults.xhtml%3Fzip%3D84604%26sellerTypes%3Dp%26startYear%3D1981%26numRecords%3D100%26sortBy%3Drelevance%26incremental%3Dall%26firstRecord%3D0%26endYear%3D2019%26modelCodeList%3DWRANGLER%26makeCodeList%3DJEEP%26searchRadius%3D0&sellerTypes=p&startYear=1981&numRecords=100&firstRecord=0&endYear=2019&modelCodeList=WRANGLER&makeCodeList=JEEP&searchRadius=0&makeCode1=JEEP&modelCode1=WRANGLER,NA,NA,NA,NA,NA,NA,NA,NA,NA,NA,NA,NA,NA,NA,NA,NA,NA,NA,NA,NA,NA,NA,2010,Used,Provo,NA,NA,NA
32,Used 2014 Jeep Wrangler Unlimited Sport,356,/cars-for-sale/vehicledetails.xhtml?listingId=479915476&zip=84604&referrer=%2Fcars-for-sale%2Fsearchresults.xhtml%3Fzip%3D84604%26sellerTypes%3Dp%26startYear%3D1981%26numRecords%3D100%26sortBy%3Drelevance%26incremental%3Dall%26firstRecord%3D0%26endYear%3D2019%26modelCodeList%3DWRANGLER%26makeCodeList%3DJEEP%26searchRadius%3D0&sellerTypes=p&startYear=1981&numRecords=100&firstRecord=0&endYear=2019&modelCodeList=WRANGLER&makeCodeList=JEEP&searchRadius=0&makeCode1=JEEP&modelCode1=WRANGLER,NA,NA,NA,NA,NA,NA,NA,NA,NA,NA,NA,NA,NA,NA,NA,NA,NA,NA,NA,NA,NA,NA,2014,Used,Provo,NA,NA,NA
33,Used 2011 Jeep Wrangler Unlimited Sport,358,/cars-for-sale/vehicledetails.xhtml?listingId=480043556&zip=84604&referrer=%2Fcars-for-sale%2Fsearchresults.xhtml%3Fzip%3D84604%26sellerTypes%3Dp%26startYear%3D1981%26numRecords%3D100%26sortBy%3Drelevance%26incremental%3Dall%26firstRecord%3D0%26endYear%3D2019%26modelCodeList%3DWRANGLER%26makeCodeList%3DJEEP%26searchRadius%3D0&sellerTypes=p&startYear=1981&numRecords=100&firstRecord=0&endYear=2019&modelCodeList=WRANGLER&makeCodeList=JEEP&searchRadius=0&makeCode1=JEEP&modelCode1=WRANGLER,NA,NA,NA,NA,NA,NA,NA,NA,NA,NA,NA,NA,NA,NA,NA,NA,NA,NA,NA,NA,NA,NA,2011,Used,Provo,NA,NA,NA
34,Used 2010 Jeep Wrangler Unlimited Sport,359,/cars-for-sale/vehicledetails.xhtml?listingId=462722851&zip=84604&referrer=%2Fcars-for-sale%2Fsearchresults.xhtml%3Fzip%3D84604%26sellerTypes%3Dp%26startYear%3D1981%26numRecords%3D100%26sortBy%3Drelevance%26incremental%3Dall%26firstRecord%3D0%26endYear%3D2019%26modelCodeList%3DWRANGLER%26makeCodeList%3DJEEP%26searchRadius%3D0&sellerTypes=p&startYear=1981&numRecords=100&firstRecord=0&endYear=2019&modelCodeList=WRANGLER&makeCodeList=JEEP&searchRadius=0&makeCode1=JEEP&modelCode1=WRANGLER,NA,NA,NA,NA,NA,NA,NA,NA,NA,NA,NA,NA,NA,NA,NA,NA,NA,NA,NA,NA,NA,NA,2010,Used,Provo,NA,NA,NA
35,Used 2002 Jeep Wrangler Sport,360,/cars-for-sale/vehicledetails.xhtml?listingId=484414518&zip=84604&referrer=%2Fcars-for-sale%2Fsearchresults.xhtml%3Fzip%3D84604%26sellerTypes%3Dp%26startYear%3D1981%26numRecords%3D100%26sortBy%3Drelevance%26incremental%3Dall%26firstRecord%3D0%26endYear%3D2019%26modelCodeList%3DWRANGLER%26makeCodeList%3DJEEP%26searchRadius%3D0&sellerTypes=p&startYear=1981&numRecords=100&firstRecord=0&endYear=2019&modelCodeList=WRANGLER&makeCodeList=JEEP&searchRadius=0&makeCode1=JEEP&modelCode1=WRANGLER,NA,NA,NA,NA,NA,NA,NA,NA,NA,NA,NA,NA,NA,NA,NA,NA,NA,NA,NA,NA,NA,NA,2002,Used,Provo,NA,NA,NA
36,Used 2006 Jeep Wrangler,367,/cars-for-sale/vehicledetails.xhtml?listingId=475508911&zip=84604&referrer=%2Fcars-for-sale%2Fsearchresults.xhtml%3Fzip%3D84604%26sellerTypes%3Dp%26startYear%3D1981%26numRecords%3D100%26sortBy%3Drelevance%26incremental%3Dall%26firstRecord%3D0%26endYear%3D2019%26modelCodeList%3DWRANGLER%26makeCodeList%3DJEEP%26searchRadius%3D0&sellerTypes=p&startYear=1981&numRecords=100&firstRecord=0&endYear=2019&modelCodeList=WRANGLER&makeCodeList=JEEP&searchRadius=0&makeCode1=JEEP&modelCode1=WRANGLER,NA,NA,NA,NA,NA,NA,NA,NA,NA,NA,NA,NA,NA,NA,NA,NA,NA,NA,NA,NA,NA,NA,2006,Used,Provo,NA,NA,NA
37,Used 2013 Jeep Wrangler Unlimited Sahara,367,/cars-for-sale/vehicledetails.xhtml?listingId=475648886&zip=84604&referrer=%2Fcars-for-sale%2Fsearchresults.xhtml%3Fzip%3D84604%26sellerTypes%3Dp%26startYear%3D1981%26numRecords%3D100%26sortBy%3Drelevance%26incremental%3Dall%26firstRecord%3D0%26endYear%3D2019%26modelCodeList%3DWRANGLER%26makeCodeList%3DJEEP%26searchRadius%3D0&sellerTypes=p&startYear=1981&numRecords=100&firstRecord=0&endYear=2019&modelCodeList=WRANGLER&makeCodeList=JEEP&searchRadius=0&makeCode1=JEEP&modelCode1=WRANGLER,NA,NA,NA,NA,NA,NA,NA,NA,NA,NA,NA,NA,NA,NA,NA,NA,NA,NA,NA,NA,NA,NA,2013,Used,Provo,NA,NA,NA
38,Used 2016 Jeep Wrangler Unlimited,368,/cars-for-sale/vehicledetails.xhtml?listingId=483241169&zip=84604&referrer=%2Fcars-for-sale%2Fsearchresults.xhtml%3Fzip%3D84604%26sellerTypes%3Dp%26startYear%3D1981%26numRecords%3D100%26sortBy%3Drelevance%26incremental%3Dall%26firstRecord%3D0%26endYear%3D2019%26modelCodeList%3DWRANGLER%26makeCodeList%3DJEEP%26searchRadius%3D0&sellerTypes=p&startYear=1981&numRecords=100&firstRecord=0&endYear=2019&modelCodeList=WRANGLER&makeCodeList=JEEP&searchRadius=0&makeCode1=JEEP&modelCode1=WRANGLER,NA,NA,NA,NA,NA,NA,NA,NA,NA,NA,NA,NA,NA,NA,NA,NA,NA,NA,NA,NA,NA,NA,2016,Used,Provo,NA,NA,NA
39,Used 1997 Jeep Wrangler Sport,371,/cars-for-sale/vehicledetails.xhtml?listingId=478824000&zip=84604&referrer=%2Fcars-for-sale%2Fsearchresults.xhtml%3Fzip%3D84604%26sellerTypes%3Dp%26startYear%3D1981%26numRecords%3D100%26sortBy%3Drelevance%26incremental%3Dall%26firstRecord%3D0%26endYear%3D2019%26modelCodeList%3DWRANGLER%26makeCodeList%3DJEEP%26searchRadius%3D0&sellerTypes=p&startYear=1981&numRecords=100&firstRecord=0&endYear=2019&modelCodeList=WRANGLER&makeCodeList=JEEP&searchRadius=0&makeCode1=JEEP&modelCode1=WRANGLER,NA,NA,NA,NA,NA,NA,NA,NA,NA,NA,NA,NA,NA,NA,NA,NA,NA,NA,NA,NA,NA,NA,1997,Used,Provo,NA,NA,NA
40,Used 2005 Jeep Wrangler Rubicon,378,/cars-for-sale/vehicledetails.xhtml?listingId=478842428&zip=84604&referrer=%2Fcars-for-sale%2Fsearchresults.xhtml%3Fzip%3D84604%26sellerTypes%3Dp%26startYear%3D1981%26numRecords%3D100%26sortBy%3Drelevance%26incremental%3Dall%26firstRecord%3D0%26endYear%3D2019%26modelCodeList%3DWRANGLER%26makeCodeList%3DJEEP%26searchRadius%3D0&sellerTypes=p&startYear=1981&numRecords=100&firstRecord=0&endYear=2019&modelCodeList=WRANGLER&makeCodeList=JEEP&searchRadius=0&makeCode1=JEEP&modelCode1=WRANGLER,NA,NA,NA,NA,NA,NA,NA,NA,NA,NA,NA,NA,NA,NA,NA,NA,NA,NA,NA,NA,NA,NA,2005,Used,Provo,NA,NA,NA
41,Used 2013 Jeep Wrangler Rubicon,379,/cars-for-sale/vehicledetails.xhtml?listingId=479616680&zip=84604&referrer=%2Fcars-for-sale%2Fsearchresults.xhtml%3Fzip%3D84604%26sellerTypes%3Dp%26startYear%3D1981%26numRecords%3D100%26sortBy%3Drelevance%26incremental%3Dall%26firstRecord%3D0%26endYear%3D2019%26modelCodeList%3DWRANGLER%26makeCodeList%3DJEEP%26searchRadius%3D0&sellerTypes=p&startYear=1981&numRecords=100&firstRecord=0&endYear=2019&modelCodeList=WRANGLER&makeCodeList=JEEP&searchRadius=0&makeCode1=JEEP&modelCode1=WRANGLER,NA,NA,NA,NA,NA,NA,NA,NA,NA,NA,NA,NA,NA,NA,NA,NA,NA,NA,NA,NA,NA,NA,2013,Used,Provo,NA,NA,NA
42,Used 2016 Jeep Wrangler Unlimited,416,/cars-for-sale/vehicledetails.xhtml?listingId=467301515&zip=84604&referrer=%2Fcars-for-sale%2Fsearchresults.xhtml%3Fzip%3D84604%26sellerTypes%3Dp%26startYear%3D1981%26numRecords%3D100%26sortBy%3Drelevance%26incremental%3Dall%26firstRecord%3D0%26endYear%3D2019%26modelCodeList%3DWRANGLER%26makeCodeList%3DJEEP%26searchRadius%3D0&sellerTypes=p&startYear=1981&numRecords=100&firstRecord=0&endYear=2019&modelCodeList=WRANGLER&makeCodeList=JEEP&searchRadius=0&makeCode1=JEEP&modelCode1=WRANGLER,NA,NA,NA,NA,NA,NA,NA,NA,NA,NA,NA,NA,NA,NA,NA,NA,NA,NA,NA,NA,NA,NA,2016,Used,Provo,NA,NA,NA
43,Used 2013 Jeep Wrangler Unlimited Rubicon,435,/cars-for-sale/vehicledetails.xhtml?listingId=462338753&zip=84604&referrer=%2Fcars-for-sale%2Fsearchresults.xhtml%3Fzip%3D84604%26sellerTypes%3Dp%26startYear%3D1981%26numRecords%3D100%26sortBy%3Drelevance%26incremental%3Dall%26firstRecord%3D0%26endYear%3D2019%26modelCodeList%3DWRANGLER%26makeCodeList%3DJEEP%26searchRadius%3D0&sellerTypes=p&startYear=1981&numRecords=100&firstRecord=0&endYear=2019&modelCodeList=WRANGLER&makeCodeList=JEEP&searchRadius=0&makeCode1=JEEP&modelCode1=WRANGLER,NA,NA,NA,NA,NA,NA,NA,NA,NA,NA,NA,NA,NA,NA,NA,NA,NA,NA,NA,NA,NA,NA,2013,Used,Provo,NA,NA,NA
44,Used 2005 Jeep Wrangler Unlimited Rubicon,440,/cars-for-sale/vehicledetails.xhtml?listingId=482820636&zip=84604&referrer=%2Fcars-for-sale%2Fsearchresults.xhtml%3Fzip%3D84604%26sellerTypes%3Dp%26startYear%3D1981%26numRecords%3D100%26sortBy%3Drelevance%26incremental%3Dall%26firstRecord%3D0%26endYear%3D2019%26modelCodeList%3DWRANGLER%26makeCodeList%3DJEEP%26searchRadius%3D0&sellerTypes=p&startYear=1981&numRecords=100&firstRecord=0&endYear=2019&modelCodeList=WRANGLER&makeCodeList=JEEP&searchRadius=0&makeCode1=JEEP&modelCode1=WRANGLER,NA,NA,NA,NA,NA,NA,NA,NA,NA,NA,NA,NA,NA,NA,NA,NA,NA,NA,NA,NA,NA,NA,2005,Used,Provo,NA,NA,NA
45,Used 2013 Jeep Wrangler Unlimited Sahara,443,/cars-for-sale/vehicledetails.xhtml?listingId=465563664&zip=84604&referrer=%2Fcars-for-sale%2Fsearchresults.xhtml%3Fzip%3D84604%26sellerTypes%3Dp%26startYear%3D1981%26numRecords%3D100%26sortBy%3Drelevance%26incremental%3Dall%26firstRecord%3D0%26endYear%3D2019%26modelCodeList%3DWRANGLER%26makeCodeList%3DJEEP%26searchRadius%3D0&sellerTypes=p&startYear=1981&numRecords=100&firstRecord=0&endYear=2019&modelCodeList=WRANGLER&makeCodeList=JEEP&searchRadius=0&makeCode1=JEEP&modelCode1=WRANGLER,NA,NA,NA,NA,NA,NA,NA,NA,NA,NA,NA,NA,NA,NA,NA,NA,NA,NA,NA,NA,NA,NA,2013,Used,Provo,NA,NA,NA
46,Used 1998 Jeep Wrangler Sport,450,/cars-for-sale/vehicledetails.xhtml?listingId=470862923&zip=84604&referrer=%2Fcars-for-sale%2Fsearchresults.xhtml%3Fzip%3D84604%26sellerTypes%3Dp%26startYear%3D1981%26numRecords%3D100%26sortBy%3Drelevance%26incremental%3Dall%26firstRecord%3D0%26endYear%3D2019%26modelCodeList%3DWRANGLER%26makeCodeList%3DJEEP%26searchRadius%3D0&sellerTypes=p&startYear=1981&numRecords=100&firstRecord=0&endYear=2019&modelCodeList=WRANGLER&makeCodeList=JEEP&searchRadius=0&makeCode1=JEEP&modelCode1=WRANGLER,NA,NA,NA,NA,NA,NA,NA,NA,NA,NA,NA,NA,NA,NA,NA,NA,NA,NA,NA,NA,NA,NA,1998,Used,Provo,NA,NA,NA
47,Used 2004 Jeep Wrangler Rubicon,464,/cars-for-sale/vehicledetails.xhtml?listingId=463758198&zip=84604&referrer=%2Fcars-for-sale%2Fsearchresults.xhtml%3Fzip%3D84604%26sellerTypes%3Dp%26startYear%3D1981%26numRecords%3D100%26sortBy%3Drelevance%26incremental%3Dall%26firstRecord%3D0%26endYear%3D2019%26modelCodeList%3DWRANGLER%26makeCodeList%3DJEEP%26searchRadius%3D0&sellerTypes=p&startYear=1981&numRecords=100&firstRecord=0&endYear=2019&modelCodeList=WRANGLER&makeCodeList=JEEP&searchRadius=0&makeCode1=JEEP&modelCode1=WRANGLER,NA,NA,NA,NA,NA,NA,NA,NA,NA,NA,NA,NA,NA,NA,NA,NA,NA,NA,NA,NA,NA,NA,2004,Used,Provo,NA,NA,NA
48,Used 2008 Jeep Wrangler Sport,468,/cars-for-sale/vehicledetails.xhtml?listingId=476398667&zip=84604&referrer=%2Fcars-for-sale%2Fsearchresults.xhtml%3Fzip%3D84604%26sellerTypes%3Dp%26startYear%3D1981%26numRecords%3D100%26sortBy%3Drelevance%26incremental%3Dall%26firstRecord%3D0%26endYear%3D2019%26modelCodeList%3DWRANGLER%26makeCodeList%3DJEEP%26searchRadius%3D0&sellerTypes=p&startYear=1981&numRecords=100&firstRecord=0&endYear=2019&modelCodeList=WRANGLER&makeCodeList=JEEP&searchRadius=0&makeCode1=JEEP&modelCode1=WRANGLER,NA,NA,NA,NA,NA,NA,NA,NA,NA,NA,NA,NA,NA,NA,NA,NA,NA,NA,NA,NA,NA,NA,2008,Used,Provo,NA,NA,NA
49,Used 2013 Jeep Wrangler Sahara,468,/cars-for-sale/vehicledetails.xhtml?listingId=478723467&zip=84604&referrer=%2Fcars-for-sale%2Fsearchresults.xhtml%3Fzip%3D84604%26sellerTypes%3Dp%26startYear%3D1981%26numRecords%3D100%26sortBy%3Drelevance%26incremental%3Dall%26firstRecord%3D0%26endYear%3D2019%26modelCodeList%3DWRANGLER%26makeCodeList%3DJEEP%26searchRadius%3D0&sellerTypes=p&startYear=1981&numRecords=100&firstRecord=0&endYear=2019&modelCodeList=WRANGLER&makeCodeList=JEEP&searchRadius=0&makeCode1=JEEP&modelCode1=WRANGLER,NA,NA,NA,NA,NA,NA,NA,NA,NA,NA,NA,NA,NA,NA,NA,NA,NA,NA,NA,NA,NA,NA,2013,Used,Provo,NA,NA,NA
50,Used 2006 Jeep Wrangler Rubicon,471,/cars-for-sale/vehicledetails.xhtml?listingId=463283773&zip=84604&referrer=%2Fcars-for-sale%2Fsearchresults.xhtml%3Fzip%3D84604%26sellerTypes%3Dp%26startYear%3D1981%26numRecords%3D100%26sortBy%3Drelevance%26incremental%3Dall%26firstRecord%3D0%26endYear%3D2019%26modelCodeList%3DWRANGLER%26makeCodeList%3DJEEP%26searchRadius%3D0&sellerTypes=p&startYear=1981&numRecords=100&firstRecord=0&endYear=2019&modelCodeList=WRANGLER&makeCodeList=JEEP&searchRadius=0&makeCode1=JEEP&modelCode1=WRANGLER,NA,NA,NA,NA,NA,NA,NA,NA,NA,NA,NA,NA,NA,NA,NA,NA,NA,NA,NA,NA,NA,NA,2006,Used,Provo,NA,NA,NA
51,Used 2012 Jeep Wrangler Call of Duty,472,/cars-for-sale/vehicledetails.xhtml?listingId=480988769&zip=84604&referrer=%2Fcars-for-sale%2Fsearchresults.xhtml%3Fzip%3D84604%26sellerTypes%3Dp%26startYear%3D1981%26numRecords%3D100%26sortBy%3Drelevance%26incremental%3Dall%26firstRecord%3D0%26endYear%3D2019%26modelCodeList%3DWRANGLER%26makeCodeList%3DJEEP%26searchRadius%3D0&sellerTypes=p&startYear=1981&numRecords=100&firstRecord=0&endYear=2019&modelCodeList=WRANGLER&makeCodeList=JEEP&searchRadius=0&makeCode1=JEEP&modelCode1=WRANGLER,NA,NA,NA,NA,NA,NA,NA,NA,NA,NA,NA,NA,NA,NA,NA,NA,NA,NA,NA,NA,NA,NA,2012,Used,Provo,NA,NA,NA
52,Used 2016 Jeep Wrangler Unlimited Rubicon,477,/cars-for-sale/vehicledetails.xhtml?listingId=476073704&zip=84604&referrer=%2Fcars-for-sale%2Fsearchresults.xhtml%3Fzip%3D84604%26sellerTypes%3Dp%26startYear%3D1981%26numRecords%3D100%26sortBy%3Drelevance%26incremental%3Dall%26firstRecord%3D0%26endYear%3D2019%26modelCodeList%3DWRANGLER%26makeCodeList%3DJEEP%26searchRadius%3D0&sellerTypes=p&startYear=1981&numRecords=100&firstRecord=0&endYear=2019&modelCodeList=WRANGLER&makeCodeList=JEEP&searchRadius=0&makeCode1=JEEP&modelCode1=WRANGLER,NA,NA,NA,NA,NA,NA,NA,NA,NA,NA,NA,NA,NA,NA,NA,NA,NA,NA,NA,NA,NA,NA,2016,Used,Provo,NA,NA,NA
53,Used 2017 Jeep Wrangler Sport,485,/cars-for-sale/vehicledetails.xhtml?listingId=482877031&zip=84604&referrer=%2Fcars-for-sale%2Fsearchresults.xhtml%3Fzip%3D84604%26sellerTypes%3Dp%26startYear%3D1981%26numRecords%3D100%26sortBy%3Drelevance%26incremental%3Dall%26firstRecord%3D0%26endYear%3D2019%26modelCodeList%3DWRANGLER%26makeCodeList%3DJEEP%26searchRadius%3D0&sellerTypes=p&startYear=1981&numRecords=100&firstRecord=0&endYear=2019&modelCodeList=WRANGLER&makeCodeList=JEEP&searchRadius=0&makeCode1=JEEP&modelCode1=WRANGLER,NA,NA,NA,NA,NA,NA,NA,NA,NA,NA,NA,NA,NA,NA,NA,NA,NA,NA,NA,NA,NA,NA,2017,Used,Provo,NA,NA,NA
54,Used 2012 Jeep Wrangler Call of Duty,486,/cars-for-sale/vehicledetails.xhtml?listingId=460652266&zip=84604&referrer=%2Fcars-for-sale%2Fsearchresults.xhtml%3Fzip%3D84604%26sellerTypes%3Dp%26startYear%3D1981%26numRecords%3D100%26sortBy%3Drelevance%26incremental%3Dall%26firstRecord%3D0%26endYear%3D2019%26modelCodeList%3DWRANGLER%26makeCodeList%3DJEEP%26searchRadius%3D0&sellerTypes=p&startYear=1981&numRecords=100&firstRecord=0&endYear=2019&modelCodeList=WRANGLER&makeCodeList=JEEP&searchRadius=0&makeCode1=JEEP&modelCode1=WRANGLER,NA,NA,NA,NA,NA,NA,NA,NA,NA,NA,NA,NA,NA,NA,NA,NA,NA,NA,NA,NA,NA,NA,2012,Used,Provo,NA,NA,NA
55,Used 2010 Jeep Wrangler Sport,497,/cars-for-sale/vehicledetails.xhtml?listingId=477357331&zip=84604&referrer=%2Fcars-for-sale%2Fsearchresults.xhtml%3Fzip%3D84604%26sellerTypes%3Dp%26startYear%3D1981%26numRecords%3D100%26sortBy%3Drelevance%26incremental%3Dall%26firstRecord%3D0%26endYear%3D2019%26modelCodeList%3DWRANGLER%26makeCodeList%3DJEEP%26searchRadius%3D0&sellerTypes=p&startYear=1981&numRecords=100&firstRecord=0&endYear=2019&modelCodeList=WRANGLER&makeCodeList=JEEP&searchRadius=0&makeCode1=JEEP&modelCode1=WRANGLER,NA,NA,NA,NA,NA,NA,NA,NA,NA,NA,NA,NA,NA,NA,NA,NA,NA,NA,NA,NA,NA,NA,2010,Used,Provo,NA,NA,NA
56,Used 2013 Jeep Wrangler Unlimited Rubicon,500,/cars-for-sale/vehicledetails.xhtml?listingId=471117797&zip=84604&referrer=%2Fcars-for-sale%2Fsearchresults.xhtml%3Fzip%3D84604%26sellerTypes%3Dp%26startYear%3D1981%26numRecords%3D100%26sortBy%3Drelevance%26incremental%3Dall%26firstRecord%3D0%26endYear%3D2019%26modelCodeList%3DWRANGLER%26makeCodeList%3DJEEP%26searchRadius%3D0&sellerTypes=p&startYear=1981&numRecords=100&firstRecord=0&endYear=2019&modelCodeList=WRANGLER&makeCodeList=JEEP&searchRadius=0&makeCode1=JEEP&modelCode1=WRANGLER,NA,NA,NA,NA,NA,NA,NA,NA,NA,NA,NA,NA,NA,NA,NA,NA,NA,NA,NA,NA,NA,NA,2013,Used,Provo,NA,NA,NA
57,Used 2002 Jeep Wrangler Sport,503,/cars-for-sale/vehicledetails.xhtml?listingId=475932198&zip=84604&referrer=%2Fcars-for-sale%2Fsearchresults.xhtml%3Fzip%3D84604%26sellerTypes%3Dp%26startYear%3D1981%26numRecords%3D100%26sortBy%3Drelevance%26incremental%3Dall%26firstRecord%3D0%26endYear%3D2019%26modelCodeList%3DWRANGLER%26makeCodeList%3DJEEP%26searchRadius%3D0&sellerTypes=p&startYear=1981&numRecords=100&firstRecord=0&endYear=2019&modelCodeList=WRANGLER&makeCodeList=JEEP&searchRadius=0&makeCode1=JEEP&modelCode1=WRANGLER,NA,NA,NA,NA,NA,NA,NA,NA,NA,NA,NA,NA,NA,NA,NA,NA,NA,NA,NA,NA,NA,NA,2002,Used,Provo,NA,NA,NA
58,Used 2013 Jeep Wrangler Unlimited Rubicon,517,/cars-for-sale/vehicledetails.xhtml?listingId=483577856&zip=84604&referrer=%2Fcars-for-sale%2Fsearchresults.xhtml%3Fzip%3D84604%26sellerTypes%3Dp%26startYear%3D1981%26numRecords%3D100%26sortBy%3Drelevance%26incremental%3Dall%26firstRecord%3D0%26endYear%3D2019%26modelCodeList%3DWRANGLER%26makeCodeList%3DJEEP%26searchRadius%3D0&sellerTypes=p&startYear=1981&numRecords=100&firstRecord=0&endYear=2019&modelCodeList=WRANGLER&makeCodeList=JEEP&searchRadius=0&makeCode1=JEEP&modelCode1=WRANGLER,NA,NA,NA,NA,NA,NA,NA,NA,NA,NA,NA,NA,NA,NA,NA,NA,NA,NA,NA,NA,NA,NA,2013,Used,Provo,NA,NA,NA
59,Used 2011 Jeep Wrangler Rubicon,521,/cars-for-sale/vehicledetails.xhtml?listingId=483098862&zip=84604&referrer=%2Fcars-for-sale%2Fsearchresults.xhtml%3Fzip%3D84604%26sellerTypes%3Dp%26startYear%3D1981%26numRecords%3D100%26sortBy%3Drelevance%26incremental%3Dall%26firstRecord%3D0%26endYear%3D2019%26modelCodeList%3DWRANGLER%26makeCodeList%3DJEEP%26searchRadius%3D0&sellerTypes=p&startYear=1981&numRecords=100&firstRecord=0&endYear=2019&modelCodeList=WRANGLER&makeCodeList=JEEP&searchRadius=0&makeCode1=JEEP&modelCode1=WRANGLER,NA,NA,NA,NA,NA,NA,NA,NA,NA,NA,NA,NA,NA,NA,NA,NA,NA,NA,NA,NA,NA,NA,2011,Used,Provo,NA,NA,NA
60,Used 2011 Jeep Wrangler Unlimited Sport,521,/cars-for-sale/vehicledetails.xhtml?listingId=484293338&zip=84604&referrer=%2Fcars-for-sale%2Fsearchresults.xhtml%3Fzip%3D84604%26sellerTypes%3Dp%26startYear%3D1981%26numRecords%3D100%26sortBy%3Drelevance%26incremental%3Dall%26firstRecord%3D0%26endYear%3D2019%26modelCodeList%3DWRANGLER%26makeCodeList%3DJEEP%26searchRadius%3D0&sellerTypes=p&startYear=1981&numRecords=100&firstRecord=0&endYear=2019&modelCodeList=WRANGLER&makeCodeList=JEEP&searchRadius=0&makeCode1=JEEP&modelCode1=WRANGLER,NA,NA,NA,NA,NA,NA,NA,NA,NA,NA,NA,NA,NA,NA,NA,NA,NA,NA,NA,NA,NA,NA,2011,Used,Provo,NA,NA,NA
61,Used 2004 Jeep Wrangler Unlimited,525,/cars-for-sale/vehicledetails.xhtml?listingId=477192704&zip=84604&referrer=%2Fcars-for-sale%2Fsearchresults.xhtml%3Fzip%3D84604%26sellerTypes%3Dp%26startYear%3D1981%26numRecords%3D100%26sortBy%3Drelevance%26incremental%3Dall%26firstRecord%3D0%26endYear%3D2019%26modelCodeList%3DWRANGLER%26makeCodeList%3DJEEP%26searchRadius%3D0&sellerTypes=p&startYear=1981&numRecords=100&firstRecord=0&endYear=2019&modelCodeList=WRANGLER&makeCodeList=JEEP&searchRadius=0&makeCode1=JEEP&modelCode1=WRANGLER,NA,NA,NA,NA,NA,NA,NA,NA,NA,NA,NA,NA,NA,NA,NA,NA,NA,NA,NA,NA,NA,NA,2004,Used,Provo,NA,NA,NA
62,Used 2012 Jeep Wrangler Unlimited Rubicon,526,/cars-for-sale/vehicledetails.xhtml?listingId=482766018&zip=84604&referrer=%2Fcars-for-sale%2Fsearchresults.xhtml%3Fzip%3D84604%26sellerTypes%3Dp%26startYear%3D1981%26numRecords%3D100%26sortBy%3Drelevance%26incremental%3Dall%26firstRecord%3D0%26endYear%3D2019%26modelCodeList%3DWRANGLER%26makeCodeList%3DJEEP%26searchRadius%3D0&sellerTypes=p&startYear=1981&numRecords=100&firstRecord=0&endYear=2019&modelCodeList=WRANGLER&makeCodeList=JEEP&searchRadius=0&makeCode1=JEEP&modelCode1=WRANGLER,NA,NA,NA,NA,NA,NA,NA,NA,NA,NA,NA,NA,NA,NA,NA,NA,NA,NA,NA,NA,NA,NA,2012,Used,Provo,NA,NA,NA
63,Used 2004 Jeep Wrangler Renegade,526,/cars-for-sale/vehicledetails.xhtml?listingId=467353456&zip=84604&referrer=%2Fcars-for-sale%2Fsearchresults.xhtml%3Fzip%3D84604%26sellerTypes%3Dp%26startYear%3D1981%26numRecords%3D100%26sortBy%3Drelevance%26incremental%3Dall%26firstRecord%3D0%26endYear%3D2019%26modelCodeList%3DWRANGLER%26makeCodeList%3DJEEP%26searchRadius%3D0&sellerTypes=p&startYear=1981&numRecords=100&firstRecord=0&endYear=2019&modelCodeList=WRANGLER&makeCodeList=JEEP&searchRadius=0&makeCode1=JEEP&modelCode1=WRANGLER,NA,NA,NA,NA,NA,NA,NA,NA,NA,NA,NA,NA,NA,NA,NA,NA,NA,NA,NA,NA,NA,NA,2004,Used,Provo,NA,NA,NA
64,Used 1995 Jeep Wrangler,527,/cars-for-sale/vehicledetails.xhtml?listingId=471760881&zip=84604&referrer=%2Fcars-for-sale%2Fsearchresults.xhtml%3Fzip%3D84604%26sellerTypes%3Dp%26startYear%3D1981%26numRecords%3D100%26sortBy%3Drelevance%26incremental%3Dall%26firstRecord%3D0%26endYear%3D2019%26modelCodeList%3DWRANGLER%26makeCodeList%3DJEEP%26searchRadius%3D0&sellerTypes=p&startYear=1981&numRecords=100&firstRecord=0&endYear=2019&modelCodeList=WRANGLER&makeCodeList=JEEP&searchRadius=0&makeCode1=JEEP&modelCode1=WRANGLER,NA,NA,NA,NA,NA,NA,NA,NA,NA,NA,NA,NA,NA,NA,NA,NA,NA,NA,NA,NA,NA,NA,1995,Used,Provo,NA,NA,NA
65,Used 2014 Jeep Wrangler Unlimited Sport,528,/cars-for-sale/vehicledetails.xhtml?listingId=457770089&zip=84604&referrer=%2Fcars-for-sale%2Fsearchresults.xhtml%3Fzip%3D84604%26sellerTypes%3Dp%26startYear%3D1981%26numRecords%3D100%26sortBy%3Drelevance%26incremental%3Dall%26firstRecord%3D0%26endYear%3D2019%26modelCodeList%3DWRANGLER%26makeCodeList%3DJEEP%26searchRadius%3D0&sellerTypes=p&startYear=1981&numRecords=100&firstRecord=0&endYear=2019&modelCodeList=WRANGLER&makeCodeList=JEEP&searchRadius=0&makeCode1=JEEP&modelCode1=WRANGLER,NA,NA,NA,NA,NA,NA,NA,NA,NA,NA,NA,NA,NA,NA,NA,NA,NA,NA,NA,NA,NA,NA,2014,Used,Provo,NA,NA,NA
66,Used 2011 Jeep Wrangler Sport,531,/cars-for-sale/vehicledetails.xhtml?listingId=484181365&zip=84604&referrer=%2Fcars-for-sale%2Fsearchresults.xhtml%3Fzip%3D84604%26sellerTypes%3Dp%26startYear%3D1981%26numRecords%3D100%26sortBy%3Drelevance%26incremental%3Dall%26firstRecord%3D0%26endYear%3D2019%26modelCodeList%3DWRANGLER%26makeCodeList%3DJEEP%26searchRadius%3D0&sellerTypes=p&startYear=1981&numRecords=100&firstRecord=0&endYear=2019&modelCodeList=WRANGLER&makeCodeList=JEEP&searchRadius=0&makeCode1=JEEP&modelCode1=WRANGLER,NA,NA,NA,NA,NA,NA,NA,NA,NA,NA,NA,NA,NA,NA,NA,NA,NA,NA,NA,NA,NA,NA,2011,Used,Provo,NA,NA,NA
67,Used 2013 Jeep Wrangler Unlimited Rubicon,534,/cars-for-sale/vehicledetails.xhtml?listingId=475834491&zip=84604&referrer=%2Fcars-for-sale%2Fsearchresults.xhtml%3Fzip%3D84604%26sellerTypes%3Dp%26startYear%3D1981%26numRecords%3D100%26sortBy%3Drelevance%26incremental%3Dall%26firstRecord%3D0%26endYear%3D2019%26modelCodeList%3DWRANGLER%26makeCodeList%3DJEEP%26searchRadius%3D0&sellerTypes=p&startYear=1981&numRecords=100&firstRecord=0&endYear=2019&modelCodeList=WRANGLER&makeCodeList=JEEP&searchRadius=0&makeCode1=JEEP&modelCode1=WRANGLER,NA,NA,NA,NA,NA,NA,NA,NA,NA,NA,NA,NA,NA,NA,NA,NA,NA,NA,NA,NA,NA,NA,2013,Used,Provo,NA,NA,NA
68,Used 2013 Jeep Wrangler Rubicon,536,/cars-for-sale/vehicledetails.xhtml?listingId=473503368&zip=84604&referrer=%2Fcars-for-sale%2Fsearchresults.xhtml%3Fzip%3D84604%26sellerTypes%3Dp%26startYear%3D1981%26numRecords%3D100%26sortBy%3Drelevance%26incremental%3Dall%26firstRecord%3D0%26endYear%3D2019%26modelCodeList%3DWRANGLER%26makeCodeList%3DJEEP%26searchRadius%3D0&sellerTypes=p&startYear=1981&numRecords=100&firstRecord=0&endYear=2019&modelCodeList=WRANGLER&makeCodeList=JEEP&searchRadius=0&makeCode1=JEEP&modelCode1=WRANGLER,NA,NA,NA,NA,NA,NA,NA,NA,NA,NA,NA,NA,NA,NA,NA,NA,NA,NA,NA,NA,NA,NA,2013,Used,Provo,NA,NA,NA
69,Used 2014 Jeep Wrangler Unlimited Sahara,537,/cars-for-sale/vehicledetails.xhtml?listingId=482319828&zip=84604&referrer=%2Fcars-for-sale%2Fsearchresults.xhtml%3Fzip%3D84604%26sellerTypes%3Dp%26startYear%3D1981%26numRecords%3D100%26sortBy%3Drelevance%26incremental%3Dall%26firstRecord%3D0%26endYear%3D2019%26modelCodeList%3DWRANGLER%26makeCodeList%3DJEEP%26searchRadius%3D0&sellerTypes=p&startYear=1981&numRecords=100&firstRecord=0&endYear=2019&modelCodeList=WRANGLER&makeCodeList=JEEP&searchRadius=0&makeCode1=JEEP&modelCode1=WRANGLER,NA,NA,NA,NA,NA,NA,NA,NA,NA,NA,NA,NA,NA,NA,NA,NA,NA,NA,NA,NA,NA,NA,2014,Used,Provo,NA,NA,NA
70,Used 2014 Jeep Wrangler Unlimited Sport,541,/cars-for-sale/vehicledetails.xhtml?listingId=471112798&zip=84604&referrer=%2Fcars-for-sale%2Fsearchresults.xhtml%3Fzip%3D84604%26sellerTypes%3Dp%26startYear%3D1981%26numRecords%3D100%26sortBy%3Drelevance%26incremental%3Dall%26firstRecord%3D0%26endYear%3D2019%26modelCodeList%3DWRANGLER%26makeCodeList%3DJEEP%26searchRadius%3D0&sellerTypes=p&startYear=1981&numRecords=100&firstRecord=0&endYear=2019&modelCodeList=WRANGLER&makeCodeList=JEEP&searchRadius=0&makeCode1=JEEP&modelCode1=WRANGLER,NA,NA,NA,NA,NA,NA,NA,NA,NA,NA,NA,NA,NA,NA,NA,NA,NA,NA,NA,NA,NA,NA,2014,Used,Provo,NA,NA,NA
71,Used 2007 Jeep Wrangler Unlimited Rubicon,544,/cars-for-sale/vehicledetails.xhtml?listingId=476633474&zip=84604&referrer=%2Fcars-for-sale%2Fsearchresults.xhtml%3Fzip%3D84604%26sellerTypes%3Dp%26startYear%3D1981%26numRecords%3D100%26sortBy%3Drelevance%26incremental%3Dall%26firstRecord%3D0%26endYear%3D2019%26modelCodeList%3DWRANGLER%26makeCodeList%3DJEEP%26searchRadius%3D0&sellerTypes=p&startYear=1981&numRecords=100&firstRecord=0&endYear=2019&modelCodeList=WRANGLER&makeCodeList=JEEP&searchRadius=0&makeCode1=JEEP&modelCode1=WRANGLER,NA,NA,NA,NA,NA,NA,NA,NA,NA,NA,NA,NA,NA,NA,NA,NA,NA,NA,NA,NA,NA,NA,2007,Used,Provo,NA,NA,NA
72,Used 2014 Jeep Wrangler Unlimited Sport,544,/cars-for-sale/vehicledetails.xhtml?listingId=467044455&zip=84604&referrer=%2Fcars-for-sale%2Fsearchresults.xhtml%3Fzip%3D84604%26sellerTypes%3Dp%26startYear%3D1981%26numRecords%3D100%26sortBy%3Drelevance%26incremental%3Dall%26firstRecord%3D0%26endYear%3D2019%26modelCodeList%3DWRANGLER%26makeCodeList%3DJEEP%26searchRadius%3D0&sellerTypes=p&startYear=1981&numRecords=100&firstRecord=0&endYear=2019&modelCodeList=WRANGLER&makeCodeList=JEEP&searchRadius=0&makeCode1=JEEP&modelCode1=WRANGLER,NA,NA,NA,NA,NA,NA,NA,NA,NA,NA,NA,NA,NA,NA,NA,NA,NA,NA,NA,NA,NA,NA,2014,Used,Provo,NA,NA,NA
73,Used 2014 Jeep Wrangler Unlimited Rubicon,545,/cars-for-sale/vehicledetails.xhtml?listingId=459770774&zip=84604&referrer=%2Fcars-for-sale%2Fsearchresults.xhtml%3Fzip%3D84604%26sellerTypes%3Dp%26startYear%3D1981%26numRecords%3D100%26sortBy%3Drelevance%26incremental%3Dall%26firstRecord%3D0%26endYear%3D2019%26modelCodeList%3DWRANGLER%26makeCodeList%3DJEEP%26searchRadius%3D0&sellerTypes=p&startYear=1981&numRecords=100&firstRecord=0&endYear=2019&modelCodeList=WRANGLER&makeCodeList=JEEP&searchRadius=0&makeCode1=JEEP&modelCode1=WRANGLER,NA,NA,NA,NA,NA,NA,NA,NA,NA,NA,NA,NA,NA,NA,NA,NA,NA,NA,NA,NA,NA,NA,2014,Used,Provo,NA,NA,NA
74,Used 2007 Jeep Wrangler Unlimited Sport,545,/cars-for-sale/vehicledetails.xhtml?listingId=482906569&zip=84604&referrer=%2Fcars-for-sale%2Fsearchresults.xhtml%3Fzip%3D84604%26sellerTypes%3Dp%26startYear%3D1981%26numRecords%3D100%26sortBy%3Drelevance%26incremental%3Dall%26firstRecord%3D0%26endYear%3D2019%26modelCodeList%3DWRANGLER%26makeCodeList%3DJEEP%26searchRadius%3D0&sellerTypes=p&startYear=1981&numRecords=100&firstRecord=0&endYear=2019&modelCodeList=WRANGLER&makeCodeList=JEEP&searchRadius=0&makeCode1=JEEP&modelCode1=WRANGLER,NA,NA,NA,NA,NA,NA,NA,NA,NA,NA,NA,NA,NA,NA,NA,NA,NA,NA,NA,NA,NA,NA,2007,Used,Provo,NA,NA,NA
75,Used 2013 Jeep Wrangler Rubicon,547,/cars-for-sale/vehicledetails.xhtml?listingId=470193810&zip=84604&referrer=%2Fcars-for-sale%2Fsearchresults.xhtml%3Fzip%3D84604%26sellerTypes%3Dp%26startYear%3D1981%26numRecords%3D100%26sortBy%3Drelevance%26incremental%3Dall%26firstRecord%3D0%26endYear%3D2019%26modelCodeList%3DWRANGLER%26makeCodeList%3DJEEP%26searchRadius%3D0&sellerTypes=p&startYear=1981&numRecords=100&firstRecord=0&endYear=2019&modelCodeList=WRANGLER&makeCodeList=JEEP&searchRadius=0&makeCode1=JEEP&modelCode1=WRANGLER,NA,NA,NA,NA,NA,NA,NA,NA,NA,NA,NA,NA,NA,NA,NA,NA,NA,NA,NA,NA,NA,NA,2013,Used,Provo,NA,NA,NA
76,Used 2016 Jeep Wrangler Unlimited Rubicon,547,/cars-for-sale/vehicledetails.xhtml?listingId=471289888&zip=84604&referrer=%2Fcars-for-sale%2Fsearchresults.xhtml%3Fzip%3D84604%26sellerTypes%3Dp%26startYear%3D1981%26numRecords%3D100%26sortBy%3Drelevance%26incremental%3Dall%26firstRecord%3D0%26endYear%3D2019%26modelCodeList%3DWRANGLER%26makeCodeList%3DJEEP%26searchRadius%3D0&sellerTypes=p&startYear=1981&numRecords=100&firstRecord=0&endYear=2019&modelCodeList=WRANGLER&makeCodeList=JEEP&searchRadius=0&makeCode1=JEEP&modelCode1=WRANGLER,NA,NA,NA,NA,NA,NA,NA,NA,NA,NA,NA,NA,NA,NA,NA,NA,NA,NA,NA,NA,NA,NA,2016,Used,Provo,NA,NA,NA
77,Used 2009 Jeep Wrangler Sport,548,/cars-for-sale/vehicledetails.xhtml?listingId=484376937&zip=84604&referrer=%2Fcars-for-sale%2Fsearchresults.xhtml%3Fzip%3D84604%26sellerTypes%3Dp%26startYear%3D1981%26numRecords%3D100%26sortBy%3Drelevance%26incremental%3Dall%26firstRecord%3D0%26endYear%3D2019%26modelCodeList%3DWRANGLER%26makeCodeList%3DJEEP%26searchRadius%3D0&sellerTypes=p&startYear=1981&numRecords=100&firstRecord=0&endYear=2019&modelCodeList=WRANGLER&makeCodeList=JEEP&searchRadius=0&makeCode1=JEEP&modelCode1=WRANGLER,NA,NA,NA,NA,NA,NA,NA,NA,NA,NA,NA,NA,NA,NA,NA,NA,NA,NA,NA,NA,NA,NA,2009,Used,Provo,NA,NA,NA
78,Used 2005 Jeep Wrangler X,550,/cars-for-sale/vehicledetails.xhtml?listingId=469996749&zip=84604&referrer=%2Fcars-for-sale%2Fsearchresults.xhtml%3Fzip%3D84604%26sellerTypes%3Dp%26startYear%3D1981%26numRecords%3D100%26sortBy%3Drelevance%26incremental%3Dall%26firstRecord%3D0%26endYear%3D2019%26modelCodeList%3DWRANGLER%26makeCodeList%3DJEEP%26searchRadius%3D0&sellerTypes=p&startYear=1981&numRecords=100&firstRecord=0&endYear=2019&modelCodeList=WRANGLER&makeCodeList=JEEP&searchRadius=0&makeCode1=JEEP&modelCode1=WRANGLER,NA,NA,NA,NA,NA,NA,NA,NA,NA,NA,NA,NA,NA,NA,NA,NA,NA,NA,NA,NA,NA,NA,2005,Used,Provo,NA,NA,NA
79,Used 2013 Jeep Wrangler Sport,552,/cars-for-sale/vehicledetails.xhtml?listingId=483117991&zip=84604&referrer=%2Fcars-for-sale%2Fsearchresults.xhtml%3Fzip%3D84604%26sellerTypes%3Dp%26startYear%3D1981%26numRecords%3D100%26sortBy%3Drelevance%26incremental%3Dall%26firstRecord%3D0%26endYear%3D2019%26modelCodeList%3DWRANGLER%26makeCodeList%3DJEEP%26searchRadius%3D0&sellerTypes=p&startYear=1981&numRecords=100&firstRecord=0&endYear=2019&modelCodeList=WRANGLER&makeCodeList=JEEP&searchRadius=0&makeCode1=JEEP&modelCode1=WRANGLER,NA,NA,NA,NA,NA,NA,NA,NA,NA,NA,NA,NA,NA,NA,NA,NA,NA,NA,NA,NA,NA,NA,2013,Used,Provo,NA,NA,NA
80,Used 2017 Jeep Wrangler Rubicon,552,/cars-for-sale/vehicledetails.xhtml?listingId=483467537&zip=84604&referrer=%2Fcars-for-sale%2Fsearchresults.xhtml%3Fzip%3D84604%26sellerTypes%3Dp%26startYear%3D1981%26numRecords%3D100%26sortBy%3Drelevance%26incremental%3Dall%26firstRecord%3D0%26endYear%3D2019%26modelCodeList%3DWRANGLER%26makeCodeList%3DJEEP%26searchRadius%3D0&sellerTypes=p&startYear=1981&numRecords=100&firstRecord=0&endYear=2019&modelCodeList=WRANGLER&makeCodeList=JEEP&searchRadius=0&makeCode1=JEEP&modelCode1=WRANGLER,NA,NA,NA,NA,NA,NA,NA,NA,NA,NA,NA,NA,NA,NA,NA,NA,NA,NA,NA,NA,NA,NA,2017,Used,Provo,NA,NA,NA
81,Used 2014 Jeep Wrangler Unlimited Sport S,553,/cars-for-sale/vehicledetails.xhtml?listingId=483237454&zip=84604&referrer=%2Fcars-for-sale%2Fsearchresults.xhtml%3Fzip%3D84604%26sellerTypes%3Dp%26startYear%3D1981%26numRecords%3D100%26sortBy%3Drelevance%26incremental%3Dall%26firstRecord%3D0%26endYear%3D2019%26modelCodeList%3DWRANGLER%26makeCodeList%3DJEEP%26searchRadius%3D0&sellerTypes=p&startYear=1981&numRecords=100&firstRecord=0&endYear=2019&modelCodeList=WRANGLER&makeCodeList=JEEP&searchRadius=0&makeCode1=JEEP&modelCode1=WRANGLER,NA,NA,NA,NA,NA,NA,NA,NA,NA,NA,NA,NA,NA,NA,NA,NA,NA,NA,NA,NA,NA,NA,2014,Used,Provo,NA,NA,NA
82,Used 2014 Jeep Wrangler Unlimited Rubicon,553,/cars-for-sale/vehicledetails.xhtml?listingId=477553938&zip=84604&referrer=%2Fcars-for-sale%2Fsearchresults.xhtml%3Fzip%3D84604%26sellerTypes%3Dp%26startYear%3D1981%26numRecords%3D100%26sortBy%3Drelevance%26incremental%3Dall%26firstRecord%3D0%26endYear%3D2019%26modelCodeList%3DWRANGLER%26makeCodeList%3DJEEP%26searchRadius%3D0&sellerTypes=p&startYear=1981&numRecords=100&firstRecord=0&endYear=2019&modelCodeList=WRANGLER&makeCodeList=JEEP&searchRadius=0&makeCode1=JEEP&modelCode1=WRANGLER,NA,NA,NA,NA,NA,NA,NA,NA,NA,NA,NA,NA,NA,NA,NA,NA,NA,NA,NA,NA,NA,NA,2014,Used,Provo,NA,NA,NA
83,Used 2015 Jeep Wrangler Sport,554,/cars-for-sale/vehicledetails.xhtml?listingId=484643725&zip=84604&referrer=%2Fcars-for-sale%2Fsearchresults.xhtml%3Fzip%3D84604%26sellerTypes%3Dp%26startYear%3D1981%26numRecords%3D100%26sortBy%3Drelevance%26incremental%3Dall%26firstRecord%3D0%26endYear%3D2019%26modelCodeList%3DWRANGLER%26makeCodeList%3DJEEP%26searchRadius%3D0&sellerTypes=p&startYear=1981&numRecords=100&firstRecord=0&endYear=2019&modelCodeList=WRANGLER&makeCodeList=JEEP&searchRadius=0&makeCode1=JEEP&modelCode1=WRANGLER,NA,NA,NA,NA,NA,NA,NA,NA,NA,NA,NA,NA,NA,NA,NA,NA,NA,NA,NA,NA,NA,NA,2015,Used,Provo,NA,NA,NA
84,Used 2012 Jeep Wrangler Unlimited Sport,554,/cars-for-sale/vehicledetails.xhtml?listingId=478292227&zip=84604&referrer=%2Fcars-for-sale%2Fsearchresults.xhtml%3Fzip%3D84604%26sellerTypes%3Dp%26startYear%3D1981%26numRecords%3D100%26sortBy%3Drelevance%26incremental%3Dall%26firstRecord%3D0%26endYear%3D2019%26modelCodeList%3DWRANGLER%26makeCodeList%3DJEEP%26searchRadius%3D0&sellerTypes=p&startYear=1981&numRecords=100&firstRecord=0&endYear=2019&modelCodeList=WRANGLER&makeCodeList=JEEP&searchRadius=0&makeCode1=JEEP&modelCode1=WRANGLER,NA,NA,NA,NA,NA,NA,NA,NA,NA,NA,NA,NA,NA,NA,NA,NA,NA,NA,NA,NA,NA,NA,2012,Used,Provo,NA,NA,NA
85,Used 2014 Jeep Wrangler Unlimited Rubicon,554,/cars-for-sale/vehicledetails.xhtml?listingId=478202956&zip=84604&referrer=%2Fcars-for-sale%2Fsearchresults.xhtml%3Fzip%3D84604%26sellerTypes%3Dp%26startYear%3D1981%26numRecords%3D100%26sortBy%3Drelevance%26incremental%3Dall%26firstRecord%3D0%26endYear%3D2019%26modelCodeList%3DWRANGLER%26makeCodeList%3DJEEP%26searchRadius%3D0&sellerTypes=p&startYear=1981&numRecords=100&firstRecord=0&endYear=2019&modelCodeList=WRANGLER&makeCodeList=JEEP&searchRadius=0&makeCode1=JEEP&modelCode1=WRANGLER,NA,NA,NA,NA,NA,NA,NA,NA,NA,NA,NA,NA,NA,NA,NA,NA,NA,NA,NA,NA,NA,NA,2014,Used,Provo,NA,NA,NA
86,Used 2014 Jeep Wrangler Unlimited,555,/cars-for-sale/vehicledetails.xhtml?listingId=461348321&zip=84604&referrer=%2Fcars-for-sale%2Fsearchresults.xhtml%3Fzip%3D84604%26sellerTypes%3Dp%26startYear%3D1981%26numRecords%3D100%26sortBy%3Drelevance%26incremental%3Dall%26firstRecord%3D0%26endYear%3D2019%26modelCodeList%3DWRANGLER%26makeCodeList%3DJEEP%26searchRadius%3D0&sellerTypes=p&startYear=1981&numRecords=100&firstRecord=0&endYear=2019&modelCodeList=WRANGLER&makeCodeList=JEEP&searchRadius=0&makeCode1=JEEP&modelCode1=WRANGLER,NA,NA,NA,NA,NA,NA,NA,NA,NA,NA,NA,NA,NA,NA,NA,NA,NA,NA,NA,NA,NA,NA,2014,Used,Provo,NA,NA,NA
87,Used 2017 Jeep Wrangler Unlimited Sport S,555,/cars-for-sale/vehicledetails.xhtml?listingId=472044244&zip=84604&referrer=%2Fcars-for-sale%2Fsearchresults.xhtml%3Fzip%3D84604%26sellerTypes%3Dp%26startYear%3D1981%26numRecords%3D100%26sortBy%3Drelevance%26incremental%3Dall%26firstRecord%3D0%26endYear%3D2019%26modelCodeList%3DWRANGLER%26makeCodeList%3DJEEP%26searchRadius%3D0&sellerTypes=p&startYear=1981&numRecords=100&firstRecord=0&endYear=2019&modelCodeList=WRANGLER&makeCodeList=JEEP&searchRadius=0&makeCode1=JEEP&modelCode1=WRANGLER,NA,NA,NA,NA,NA,NA,NA,NA,NA,NA,NA,NA,NA,NA,NA,NA,NA,NA,NA,NA,NA,NA,2017,Used,Provo,NA,NA,NA
88,Used 2017 Jeep Wrangler 75th Anniversary,555,/cars-for-sale/vehicledetails.xhtml?listingId=464625988&zip=84604&referrer=%2Fcars-for-sale%2Fsearchresults.xhtml%3Fzip%3D84604%26sellerTypes%3Dp%26startYear%3D1981%26numRecords%3D100%26sortBy%3Drelevance%26incremental%3Dall%26firstRecord%3D0%26endYear%3D2019%26modelCodeList%3DWRANGLER%26makeCodeList%3DJEEP%26searchRadius%3D0&sellerTypes=p&startYear=1981&numRecords=100&firstRecord=0&endYear=2019&modelCodeList=WRANGLER&makeCodeList=JEEP&searchRadius=0&makeCode1=JEEP&modelCode1=WRANGLER,NA,NA,NA,NA,NA,NA,NA,NA,NA,NA,NA,NA,NA,NA,NA,NA,NA,NA,NA,NA,NA,NA,2017,Used,Provo,NA,NA,NA
89,Used 2017 Jeep Wrangler Rubicon,555,/cars-for-sale/vehicledetails.xhtml?listingId=482394662&zip=84604&referrer=%2Fcars-for-sale%2Fsearchresults.xhtml%3Fzip%3D84604%26sellerTypes%3Dp%26startYear%3D1981%26numRecords%3D100%26sortBy%3Drelevance%26incremental%3Dall%26firstRecord%3D0%26endYear%3D2019%26modelCodeList%3DWRANGLER%26makeCodeList%3DJEEP%26searchRadius%3D0&sellerTypes=p&startYear=1981&numRecords=100&firstRecord=0&endYear=2019&modelCodeList=WRANGLER&makeCodeList=JEEP&searchRadius=0&makeCode1=JEEP&modelCode1=WRANGLER,NA,NA,NA,NA,NA,NA,NA,NA,NA,NA,NA,NA,NA,NA,NA,NA,NA,NA,NA,NA,NA,NA,2017,Used,Provo,NA,NA,NA
90,Used 1997 Jeep Wrangler Rubicon,555,/cars-for-sale/vehicledetails.xhtml?listingId=481616582&zip=84604&referrer=%2Fcars-for-sale%2Fsearchresults.xhtml%3Fzip%3D84604%26sellerTypes%3Dp%26startYear%3D1981%26numRecords%3D100%26sortBy%3Drelevance%26incremental%3Dall%26firstRecord%3D0%26endYear%3D2019%26modelCodeList%3DWRANGLER%26makeCodeList%3DJEEP%26searchRadius%3D0&sellerTypes=p&startYear=1981&numRecords=100&firstRecord=0&endYear=2019&modelCodeList=WRANGLER&makeCodeList=JEEP&searchRadius=0&makeCode1=JEEP&modelCode1=WRANGLER,NA,NA,NA,NA,NA,NA,NA,NA,NA,NA,NA,NA,NA,NA,NA,NA,NA,NA,NA,NA,NA,NA,1997,Used,Provo,NA,NA,NA
91,Used 2015 Jeep Wrangler Unlimited Sport,556,/cars-for-sale/vehicledetails.xhtml?listingId=467116778&zip=84604&referrer=%2Fcars-for-sale%2Fsearchresults.xhtml%3Fzip%3D84604%26sellerTypes%3Dp%26startYear%3D1981%26numRecords%3D100%26sortBy%3Drelevance%26incremental%3Dall%26firstRecord%3D0%26endYear%3D2019%26modelCodeList%3DWRANGLER%26makeCodeList%3DJEEP%26searchRadius%3D0&sellerTypes=p&startYear=1981&numRecords=100&firstRecord=0&endYear=2019&modelCodeList=WRANGLER&makeCodeList=JEEP&searchRadius=0&makeCode1=JEEP&modelCode1=WRANGLER,NA,NA,NA,NA,NA,NA,NA,NA,NA,NA,NA,NA,NA,NA,NA,NA,NA,NA,NA,NA,NA,NA,2015,Used,Provo,NA,NA,NA
92,Used 2012 Jeep Wrangler Unlimited Call of Duty,556,/cars-for-sale/vehicledetails.xhtml?listingId=460531957&zip=84604&referrer=%2Fcars-for-sale%2Fsearchresults.xhtml%3Fzip%3D84604%26sellerTypes%3Dp%26startYear%3D1981%26numRecords%3D100%26sortBy%3Drelevance%26incremental%3Dall%26firstRecord%3D0%26endYear%3D2019%26modelCodeList%3DWRANGLER%26makeCodeList%3DJEEP%26searchRadius%3D0&sellerTypes=p&startYear=1981&numRecords=100&firstRecord=0&endYear=2019&modelCodeList=WRANGLER&makeCodeList=JEEP&searchRadius=0&makeCode1=JEEP&modelCode1=WRANGLER,NA,NA,NA,NA,NA,NA,NA,NA,NA,NA,NA,NA,NA,NA,NA,NA,NA,NA,NA,NA,NA,NA,2012,Used,Provo,NA,NA,NA
93,Used 2014 Jeep Wrangler Unlimited Sahara,556,/cars-for-sale/vehicledetails.xhtml?listingId=484481737&zip=84604&referrer=%2Fcars-for-sale%2Fsearchresults.xhtml%3Fzip%3D84604%26sellerTypes%3Dp%26startYear%3D1981%26numRecords%3D100%26sortBy%3Drelevance%26incremental%3Dall%26firstRecord%3D0%26endYear%3D2019%26modelCodeList%3DWRANGLER%26makeCodeList%3DJEEP%26searchRadius%3D0&sellerTypes=p&startYear=1981&numRecords=100&firstRecord=0&endYear=2019&modelCodeList=WRANGLER&makeCodeList=JEEP&searchRadius=0&makeCode1=JEEP&modelCode1=WRANGLER,NA,NA,NA,NA,NA,NA,NA,NA,NA,NA,NA,NA,NA,NA,NA,NA,NA,NA,NA,NA,NA,NA,2014,Used,Provo,NA,NA,NA
94,Used 2002 Jeep Wrangler Sahara,556,/cars-for-sale/vehicledetails.xhtml?listingId=480420527&zip=84604&referrer=%2Fcars-for-sale%2Fsearchresults.xhtml%3Fzip%3D84604%26sellerTypes%3Dp%26startYear%3D1981%26numRecords%3D100%26sortBy%3Drelevance%26incremental%3Dall%26firstRecord%3D0%26endYear%3D2019%26modelCodeList%3DWRANGLER%26makeCodeList%3DJEEP%26searchRadius%3D0&sellerTypes=p&startYear=1981&numRecords=100&firstRecord=0&endYear=2019&modelCodeList=WRANGLER&makeCodeList=JEEP&searchRadius=0&makeCode1=JEEP&modelCode1=WRANGLER,NA,NA,NA,NA,NA,NA,NA,NA,NA,NA,NA,NA,NA,NA,NA,NA,NA,NA,NA,NA,NA,NA,2002,Used,Provo,NA,NA,NA
95,Used 2016 Jeep Wrangler Unlimited Sport S,556,/cars-for-sale/vehicledetails.xhtml?listingId=476837427&zip=84604&referrer=%2Fcars-for-sale%2Fsearchresults.xhtml%3Fzip%3D84604%26sellerTypes%3Dp%26startYear%3D1981%26numRecords%3D100%26sortBy%3Drelevance%26incremental%3Dall%26firstRecord%3D0%26endYear%3D2019%26modelCodeList%3DWRANGLER%26makeCodeList%3DJEEP%26searchRadius%3D0&sellerTypes=p&startYear=1981&numRecords=100&firstRecord=0&endYear=2019&modelCodeList=WRANGLER&makeCodeList=JEEP&searchRadius=0&makeCode1=JEEP&modelCode1=WRANGLER,NA,NA,NA,NA,NA,NA,NA,NA,NA,NA,NA,NA,NA,NA,NA,NA,NA,NA,NA,NA,NA,NA,2016,Used,Provo,NA,NA,NA
96,Used 2014 Jeep Wrangler Rubicon,559,/cars-for-sale/vehicledetails.xhtml?listingId=459870848&zip=84604&referrer=%2Fcars-for-sale%2Fsearchresults.xhtml%3Fzip%3D84604%26sellerTypes%3Dp%26startYear%3D1981%26numRecords%3D100%26sortBy%3Drelevance%26incremental%3Dall%26firstRecord%3D0%26endYear%3D2019%26modelCodeList%3DWRANGLER%26makeCodeList%3DJEEP%26searchRadius%3D0&sellerTypes=p&startYear=1981&numRecords=100&firstRecord=0&endYear=2019&modelCodeList=WRANGLER&makeCodeList=JEEP&searchRadius=0&makeCode1=JEEP&modelCode1=WRANGLER,NA,NA,NA,NA,NA,NA,NA,NA,NA,NA,NA,NA,NA,NA,NA,NA,NA,NA,NA,NA,NA,NA,2014,Used,Provo,NA,NA,NA
97,Used 2013 Jeep Wrangler Unlimited Sahara,560,/cars-for-sale/vehicledetails.xhtml?listingId=471252052&zip=84604&referrer=%2Fcars-for-sale%2Fsearchresults.xhtml%3Fzip%3D84604%26sellerTypes%3Dp%26startYear%3D1981%26numRecords%3D100%26sortBy%3Drelevance%26incremental%3Dall%26firstRecord%3D0%26endYear%3D2019%26modelCodeList%3DWRANGLER%26makeCodeList%3DJEEP%26searchRadius%3D0&sellerTypes=p&startYear=1981&numRecords=100&firstRecord=0&endYear=2019&modelCodeList=WRANGLER&makeCodeList=JEEP&searchRadius=0&makeCode1=JEEP&modelCode1=WRANGLER,NA,NA,NA,NA,NA,NA,NA,NA,NA,NA,NA,NA,NA,NA,NA,NA,NA,NA,NA,NA,NA,NA,2013,Used,Provo,NA,NA,NA
98,Used 1997 Jeep Wrangler Sport,561,/cars-for-sale/vehicledetails.xhtml?listingId=462844710&zip=84604&referrer=%2Fcars-for-sale%2Fsearchresults.xhtml%3Fzip%3D84604%26sellerTypes%3Dp%26startYear%3D1981%26numRecords%3D100%26sortBy%3Drelevance%26incremental%3Dall%26firstRecord%3D0%26endYear%3D2019%26modelCodeList%3DWRANGLER%26makeCodeList%3DJEEP%26searchRadius%3D0&sellerTypes=p&startYear=1981&numRecords=100&firstRecord=0&endYear=2019&modelCodeList=WRANGLER&makeCodeList=JEEP&searchRadius=0&makeCode1=JEEP&modelCode1=WRANGLER,NA,NA,NA,NA,NA,NA,NA,NA,NA,NA,NA,NA,NA,NA,NA,NA,NA,NA,NA,NA,NA,NA,1997,Used,Provo,NA,NA,NA
99,Used 1987 Jeep Wrangler,562,/cars-for-sale/vehicledetails.xhtml?listingId=449115321&zip=84604&referrer=%2Fcars-for-sale%2Fsearchresults.xhtml%3Fzip%3D84604%26sellerTypes%3Dp%26startYear%3D1981%26numRecords%3D100%26sortBy%3Drelevance%26incremental%3Dall%26firstRecord%3D0%26endYear%3D2019%26modelCodeList%3DWRANGLER%26makeCodeList%3DJEEP%26searchRadius%3D0&sellerTypes=p&startYear=1981&numRecords=100&firstRecord=0&endYear=2019&modelCodeList=WRANGLER&makeCodeList=JEEP&searchRadius=0&makeCode1=JEEP&modelCode1=WRANGLER,NA,NA,NA,NA,NA,NA,NA,NA,NA,NA,NA,NA,NA,NA,NA,NA,NA,NA,NA,NA,NA,NA,1987,Used,Provo,NA,NA,NA
100,Used 2016 Jeep Wrangler Unlimited Rubicon,562,/cars-for-sale/vehicledetails.xhtml?listingId=465348581&zip=84604&referrer=%2Fcars-for-sale%2Fsearchresults.xhtml%3Fzip%3D84604%26sellerTypes%3Dp%26startYear%3D1981%26numRecords%3D100%26sortBy%3Drelevance%26incremental%3Dall%26firstRecord%3D0%26endYear%3D2019%26modelCodeList%3DWRANGLER%26makeCodeList%3DJEEP%26searchRadius%3D0&sellerTypes=p&startYear=1981&numRecords=100&firstRecord=0&endYear=2019&modelCodeList=WRANGLER&makeCodeList=JEEP&searchRadius=0&makeCode1=JEEP&modelCode1=WRANGLER,NA,NA,NA,NA,NA,NA,NA,NA,NA,NA,NA,NA,NA,NA,NA,NA,NA,NA,NA,NA,NA,NA,2016,Used,Provo,NA,NA,NA
